<?xml version="1.0" encoding="UTF-8"?>
<root>
  <item name="com.zipow.videobox.fragment.IntergreatedPhoneFragment void onUpdateFeatureOptionFailed(int, boolean) 0">
    <annotation name="androidx.annotation.IntDef">
      <val name="value" val="{com.zipow.videobox.fragment.IntergreatedPhoneFragment.OperationType.OPT_CALL_QUEUE, com.zipow.videobox.fragment.IntergreatedPhoneFragment.OperationType.OPT_SLG}" />
    </annotation>
  </item>
  <item name="com.zipow.videobox.fragment.IntergreatedPhoneFragment void updateFeatureOption(int) 0">
    <annotation name="androidx.annotation.IntDef">
      <val name="value" val="{com.zipow.videobox.fragment.IntergreatedPhoneFragment.OperationType.OPT_CALL_QUEUE, com.zipow.videobox.fragment.IntergreatedPhoneFragment.OperationType.OPT_SLG}" />
    </annotation>
  </item>
  <item name="com.zipow.videobox.fragment.IntergreatedPhoneFragment void updateFeatureOptionDelayed(int) 0">
    <annotation name="androidx.annotation.IntDef">
      <val name="value" val="{com.zipow.videobox.fragment.IntergreatedPhoneFragment.OperationType.OPT_CALL_QUEUE, com.zipow.videobox.fragment.IntergreatedPhoneFragment.OperationType.OPT_SLG}" />
    </annotation>
  </item>
  <item name="com.zipow.videobox.fragment.MMChatInputFragment int getFileValidationType(java.lang.String, boolean)">
    <annotation name="androidx.annotation.IntDef">
      <val name="value" val="{com.zipow.videobox.fragment.MMChatInputFragment.FileValidationType.VALID, com.zipow.videobox.fragment.MMChatInputFragment.FileValidationType.NOT_SUPPORT, com.zipow.videobox.fragment.MMChatInputFragment.FileValidationType.OVERSIZE, com.zipow.videobox.fragment.MMChatInputFragment.FileValidationType.GIF_OVERSIZE}" />
    </annotation>
  </item>
  <item name="com.zipow.videobox.fragment.MMChatInputFragment.FileValidationType">
    <annotation name="androidx.annotation.IntDef">
      <val name="value" val="{com.zipow.videobox.fragment.MMChatInputFragment.FileValidationType.VALID, com.zipow.videobox.fragment.MMChatInputFragment.FileValidationType.NOT_SUPPORT, com.zipow.videobox.fragment.MMChatInputFragment.FileValidationType.OVERSIZE, com.zipow.videobox.fragment.MMChatInputFragment.FileValidationType.GIF_OVERSIZE}" />
    </annotation>
  </item>
</root>

