<?xml version="1.0" encoding="UTF-8"?>
<root>
  <item name="com.zipow.videobox.util.SipPopUtils us.zoom.androidlib.widget.ZMPopupWindow getTipsPop(android.content.Context, int, java.lang.String, int, android.widget.PopupWindow.OnDismissListener) 3">
    <annotation name="androidx.annotation.IntDef">
      <val name="value" val="{com.zipow.videobox.util.SipPopUtils.PopStyle.TOP_MID, com.zipow.videobox.util.SipPopUtils.PopStyle.TOP_RIGHT}" />
    </annotation>
  </item>
  <item name="com.zipow.videobox.util.SipPopUtils void showTipsPop(android.content.Context, android.view.View, int, java.lang.String, int, int, int, android.widget.PopupWindow.OnDismissListener) 4">
    <annotation name="androidx.annotation.IntDef">
      <val name="value" val="{com.zipow.videobox.util.SipPopUtils.PopStyle.TOP_MID, com.zipow.videobox.util.SipPopUtils.PopStyle.TOP_RIGHT}" />
    </annotation>
  </item>
  <item name="com.zipow.videobox.util.SipPopUtils void showTipsPopAtLocation(android.content.Context, android.view.View, int, java.lang.String, int, android.widget.PopupWindow.OnDismissListener) 4">
    <annotation name="androidx.annotation.IntDef">
      <val name="value" val="{com.zipow.videobox.util.SipPopUtils.PopStyle.TOP_MID, com.zipow.videobox.util.SipPopUtils.PopStyle.TOP_RIGHT}" />
    </annotation>
  </item>
  <item name="com.zipow.videobox.util.SipPopUtils void showTipsPopAtLocation(android.content.Context, android.view.View, int, java.lang.String, int, int[], android.widget.PopupWindow.OnDismissListener) 4">
    <annotation name="androidx.annotation.IntDef">
      <val name="value" val="{com.zipow.videobox.util.SipPopUtils.PopStyle.TOP_MID, com.zipow.videobox.util.SipPopUtils.PopStyle.TOP_RIGHT}" />
    </annotation>
  </item>
  <item name="com.zipow.videobox.util.SipPopUtils.PopStyle">
    <annotation name="androidx.annotation.IntDef">
      <val name="value" val="{com.zipow.videobox.util.SipPopUtils.PopStyle.TOP_MID, com.zipow.videobox.util.SipPopUtils.PopStyle.TOP_RIGHT}" />
    </annotation>
  </item>
</root>

