<?xml version="1.0" encoding="UTF-8"?>
<root>
  <item name="com.zipow.videobox.ptapp.delegate.PTUIDelegation void dispatchPTAppCustomEvent(int, long) 0">
    <annotation name="androidx.annotation.IntDef">
      <val name="value" val="{com.zipow.videobox.ptapp.delegate.PTUIDelegation.PT_CUSTOM_EVENT_CALL_ERROR}" />
    </annotation>
  </item>
  <item name="com.zipow.videobox.ptapp.delegate.PTUIDelegation.PTCustomEvent">
    <annotation name="androidx.annotation.IntDef">
      <val name="value" val="{com.zipow.videobox.ptapp.delegate.PTUIDelegation.PT_CUSTOM_EVENT_CALL_ERROR}" />
    </annotation>
  </item>
</root>

